date,time_control,color,opponent,opponent_rating,my_rating,result,opening,moves_count,termination
1730731620,blitz,white,player3357,1103,1236,win,Vienna Game,33,mate
1730732220,blitz,black,player2647,1129,1230,loss,Dutch Defense,16,resign
1730890440,blitz,black,player9144,1282,1225,loss,Dutch Defense,32,resign
1731251100,bullet,white,player4474,1129,1134,loss,Vienna Game,56,resign
1731252000,bullet,white,player9225,1202,1142,win,Ruy Lopez,40,outoftime
1731428220,blitz,black,player9297,1237,1234,win,Caro-Kann Defense,50,mate
1731536700,blitz,white,player7016,1294,1240,win,English Opening,26,mate
1731537480,bullet,black,player8897,1036,1140,draw,Scandinavian Defense,30,draw
1731538440,blitz,black,player4415,1225,1245,win,Sicilian Defense,61,outoftime
1731539160,bullet,black,player8789,1154,1134,loss,Dutch Defense,33,mate
1731553140,blitz,black,player1233,1172,1241,loss,Caro-Kann Defense,55,resign
1731553500,blitz,black,player8935,1178,1250,win,Scandinavian Defense,35,mate
1731554460,rapid,white,player4161,1358,1302,loss,Scotch Game,40,resign
1731830640,bullet,black,player9455,1075,1143,win,Sicilian Defense,50,mate
1731831420,blitz,black,player987,1176,1258,win,Dutch Defense,19,resign
1731831720,blitz,black,player3106,1177,1264,win,Dutch Defense,8,mate
1731832200,blitz,white,player341,1374,1260,loss,English Opening,69,outoftime
1731833220,blitz,black,player6496,1194,1256,loss,King's Indian Defense,31,mate
1732135800,rapid,black,player5238,1248,1307,win,Caro-Kann Defense,55,resign
1732136520,bullet,white,player3953,1168,1150,win,Italian Game,44,mate
1732137120,blitz,white,player4372,1160,1265,win,Italian Game,44,resign
1732137540,blitz,white,player9324,1224,1261,loss,Scotch Game,59,resign
1732204740,blitz,white,player8766,1209,1270,win,London System,63,resign
1732205220,bullet,white,player3550,1052,1142,loss,Ruy Lopez,39,resign
1732311120,blitz,white,player4391,1263,1266,loss,Queen's Gambit,45,resign
1732312020,blitz,white,player9643,1359,1260,loss,Queen's Gambit,50,outoftime
1732312740,blitz,white,player4188,1227,1255,loss,Italian Game,31,mate
1732313460,bullet,black,player3000,1069,1136,loss,Scandinavian Defense,26,outoftime
1732402200,bullet,white,player3744,1207,1128,loss,Scotch Game,47,outoftime
1732402740,blitz,white,player4673,1288,1263,win,London System,67,mate
1732561260,blitz,black,player5239,1213,1272,win,Caro-Kann Defense,8,resign
1732561560,blitz,white,player8921,1319,1274,draw,Scotch Game,53,draw
1732562400,rapid,white,player2141,1202,1300,loss,King's Gambit,35,resign
1732562880,rapid,black,player6311,1262,1299,draw,King's Indian Defense,26,draw
1732563720,rapid,white,player9602,1316,1293,loss,Scotch Game,28,resign
1732564380,blitz,white,player5591,1394,1268,loss,English Opening,30,resign
1732564680,rapid,white,player1293,1371,1299,win,Scotch Game,9,outoftime
1732565460,blitz,black,player1846,1207,1273,win,King's Indian Defense,46,outoftime
1732660380,blitz,white,player7351,1186,1264,loss,Queen's Gambit,21,resign
1732661100,blitz,black,player4643,1372,1257,loss,Caro-Kann Defense,23,outoftime
1732911300,blitz,black,player1152,1159,1265,win,Scandinavian Defense,27,resign
1732911960,blitz,white,player6332,1373,1260,loss,Vienna Game,44,resign
1732912620,blitz,black,player9983,1248,1252,loss,French Defense,50,resign
1732984980,rapid,white,player9346,1225,1291,loss,English Opening,28,resign
1733052540,blitz,black,player7006,1181,1259,win,King's Indian Defense,37,resign
1733052780,rapid,white,player3366,1329,1296,win,King's Gambit,43,outoftime
1733053800,blitz,white,player4298,1249,1250,loss,London System,38,resign
1733054580,bullet,white,player6249,1102,1133,win,Ruy Lopez,29,resign
1733260500,blitz,black,player7118,1289,1241,loss,Dutch Defense,35,resign
1733261340,blitz,black,player2606,1148,1248,win,Dutch Defense,33,outoftime
1733261940,blitz,black,player9807,1373,1240,loss,Scandinavian Defense,34,outoftime
1733262960,bullet,black,player8198,1197,1124,loss,King's Indian Defense,65,resign
1733332560,blitz,black,player9196,1237,1236,loss,Scandinavian Defense,39,resign
1733333400,rapid,black,player9628,1184,1304,win,Dutch Defense,16,resign
1733333940,blitz,black,player2076,1264,1245,win,King's Indian Defense,35,resign
1733597160,rapid,black,player8851,1244,1312,win,Sicilian Defense,26,mate
1733597520,blitz,white,player300,1164,1247,draw,Scotch Game,23,draw
1733673300,blitz,white,player5078,1145,1253,win,Vienna Game,30,outoftime
1733673600,bullet,white,player7353,1160,1118,loss,Vienna Game,32,resign
1733674200,blitz,white,player4029,1343,1260,win,Queen's Gambit,55,mate
1733674560,rapid,white,player4732,1305,1305,loss,Italian Game,33,mate
1733675400,blitz,black,player2541,1310,1254,loss,Dutch Defense,23,resign
1733676480,blitz,white,player4828,1162,1245,loss,Queen's Gambit,23,resign
1733676960,rapid,black,player5380,1313,1315,win,Scandinavian Defense,43,resign
1733677740,blitz,white,player4515,1312,1236,loss,London System,16,mate
1734031860,bullet,black,player8217,1081,1123,win,French Defense,27,resign
1734032340,rapid,black,player6722,1344,1320,win,Dutch Defense,55,resign
1734032580,rapid,black,player945,1234,1329,win,King's Indian Defense,18,resign
1734033000,blitz,white,player4020,1340,1232,loss,Scotch Game,34,resign
1734215340,bullet,white,player7836,1200,1130,win,English Opening,26,resign
1734215760,blitz,white,player6898,1338,1226,loss,Vienna Game,24,resign
1734216240,rapid,black,player8035,1417,1321,loss,Pirc Defense,58,resign
1734216780,blitz,black,player6830,1202,1220,loss,King's Indian Defense,60,mate
1734217680,bullet,black,player8329,1218,1124,loss,King's Indian Defense,44,mate
1734218460,blitz,white,player2629,1222,1215,loss,English Opening,59,resign
1734218940,blitz,black,player8094,1300,1224,win,Pirc Defense,49,resign
1734219960,blitz,white,player1712,1284,1218,loss,London System,39,resign
1734300120,blitz,white,player3050,1189,1224,win,Scotch Game,16,resign
1734300480,blitz,black,player4261,1171,1234,win,Scandinavian Defense,17,resign
1734301560,rapid,black,player7051,1243,1328,win,Pirc Defense,43,resign
1734302460,blitz,black,player4947,1329,1228,loss,Caro-Kann Defense,49,resign
1734468420,bullet,black,player3215,1248,1130,win,Dutch Defense,37,resign
1734469200,blitz,white,player6077,1281,1221,loss,Queen's Gambit,37,mate
1734469680,blitz,black,player2795,1125,1214,loss,Caro-Kann Defense,31,outoftime
1734470160,bullet,black,player3796,1195,1125,loss,Dutch Defense,52,mate
1734658440,blitz,black,player1875,1274,1222,win,Pirc Defense,20,outoftime
1734659280,blitz,white,player5051,1272,1227,win,King's Gambit,33,resign
1734659520,bullet,black,player8950,1017,1135,win,King's Indian Defense,32,resign
1734660120,rapid,white,player636,1238,1319,loss,Vienna Game,34,outoftime
1734660780,bullet,black,player4620,1115,1136,draw,Sicilian Defense,28,draw
1735066860,blitz,black,player9707,1297,1222,loss,Caro-Kann Defense,44,resign
1735067400,rapid,white,player522,1248,1311,loss,Scotch Game,65,mate
1735136400,blitz,black,player7902,1280,1220,draw,Sicilian Defense,25,draw
1735137180,blitz,white,player610,1308,1211,loss,Italian Game,42,resign
1735137420,bullet,black,player2530,1049,1145,win,King's Indian Defense,48,mate
1735138260,rapid,black,player1974,1330,1320,win,King's Indian Defense,42,mate
1735139280,rapid,white,player1657,1426,1327,win,Vienna Game,33,resign
1735250640,blitz,white,player9708,1113,1204,loss,Queen's Gambit,49,resign
1735251360,rapid,white,player4812,1426,1319,loss,Vienna Game,27,resign
1735420920,rapid,black,player9221,1279,1320,draw,Sicilian Defense,30,draw
1735421160,rapid,black,player3072,1259,1313,loss,Sicilian Defense,50,resign
1735421760,blitz,white,player5205,1227,1212,win,Queen's Gambit,24,mate
1735502160,blitz,white,player4575,1118,1220,win,Italian Game,41,resign
1735502700,blitz,black,player6575,1257,1221,draw,Pirc Defense,54,draw
1735503480,blitz,white,player8249,1170,1215,loss,Scotch Game,37,mate
1735504080,blitz,white,player1375,1183,1210,loss,King's Gambit,29,resign
1735505100,blitz,black,player5421,1268,1204,loss,Scandinavian Defense,54,mate
1735505760,rapid,black,player6584,1407,1321,win,Sicilian Defense,67,resign
1735506780,blitz,black,player3276,1278,1213,win,Caro-Kann Defense,48,resign
1735507680,bullet,white,player1334,1050,1151,win,London System,30,resign
1736353680,blitz,black,player7665,1290,1218,win,Pirc Defense,33,mate
1736354700,blitz,white,player3184,1245,1213,loss,Vienna Game,39,outoftime
1736355240,rapid,white,player2927,1226,1314,loss,Italian Game,59,mate
1736355900,blitz,white,player957,1323,1221,win,King's Gambit,43,resign
1736356860,rapid,black,player9974,1213,1323,win,Sicilian Defense,46,resign
1736357640,rapid,black,player1488,1385,1316,loss,French Defense,28,resign
1736358120,rapid,black,player8431,1356,1308,loss,Dutch Defense,29,resign
1736358480,bullet,black,player1757,1080,1158,win,Dutch Defense,48,resign
1736712480,rapid,white,player7270,1390,1299,loss,Ruy Lopez,50,mate
1736713380,blitz,black,player7784,1287,1214,loss,Scandinavian Defense,41,mate
1736714460,rapid,black,player8339,1340,1291,loss,Pirc Defense,8,resign
1736802180,rapid,black,player2726,1211,1282,loss,Scandinavian Defense,31,resign
1736802660,blitz,white,player6897,1314,1222,win,Vienna Game,53,outoftime
1736803080,blitz,white,player2492,1101,1227,win,King's Gambit,43,resign
1736803440,blitz,black,player1398,1153,1219,loss,Pirc Defense,47,mate
1737129780,blitz,black,player9521,1301,1210,loss,Sicilian Defense,39,resign
1737130200,rapid,black,player1502,1304,1291,win,King's Indian Defense,24,resign
1737130920,blitz,white,player366,1222,1218,win,Vienna Game,36,resign
1737316140,rapid,black,player7712,1247,1290,draw,Caro-Kann Defense,53,draw
1737316500,rapid,white,player5180,1231,1296,win,English Opening,36,resign
1737317220,blitz,black,player5538,1276,1211,loss,French Defense,34,resign
1737317820,bullet,black,player4469,1080,1166,win,King's Indian Defense,62,resign
1737318780,blitz,black,player1411,1243,1205,loss,Sicilian Defense,32,resign
1737475320,rapid,black,player6052,1244,1292,loss,Scandinavian Defense,48,resign
1737476040,rapid,white,player6101,1378,1285,loss,Italian Game,15,mate
1737476280,rapid,black,player5250,1274,1277,loss,French Defense,64,resign
1737477120,blitz,white,player4364,1140,1213,win,Italian Game,35,mate
1737569220,blitz,white,player5336,1313,1208,loss,English Opening,28,outoftime
1737570060,blitz,white,player2088,1177,1202,loss,Scotch Game,62,resign
1737570480,rapid,white,player1177,1305,1287,win,King's Gambit,35,outoftime
1737570960,blitz,black,player5294,1276,1205,draw,Scandinavian Defense,28,draw
1737571800,blitz,white,player5082,1127,1210,win,Ruy Lopez,26,resign
1737572160,blitz,white,player9124,1345,1203,loss,King's Gambit,34,resign
1737808920,rapid,black,player9549,1325,1293,win,Dutch Defense,57,outoftime
1737809400,rapid,black,player8012,1185,1303,win,Scandinavian Defense,38,outoftime
1737810000,blitz,white,player5221,1185,1212,win,Italian Game,63,resign
1737811020,rapid,black,player2107,1366,1313,win,King's Indian Defense,36,mate
1737811320,blitz,black,player5223,1203,1218,win,Dutch Defense,48,outoftime
1737811740,rapid,black,player8381,1319,1306,loss,Scandinavian Defense,27,outoftime
1737812520,blitz,white,player1861,1250,1211,loss,Scotch Game,40,mate
1737813120,blitz,black,player9443,1282,1209,draw,Pirc Defense,25,draw
1737922620,rapid,white,player2463,1274,1313,win,Ruy Lopez,32,resign
1737923040,rapid,black,player2540,1190,1320,win,Scandinavian Defense,24,resign
1737923580,bullet,black,player8451,1200,1159,loss,Caro-Kann Defense,27,resign
1737924300,blitz,black,player536,1104,1214,win,King's Indian Defense,28,resign
1738439580,blitz,white,player6865,1276,1219,win,Italian Game,31,resign
1738440480,blitz,black,player7937,1299,1213,loss,Dutch Defense,26,resign
1738440840,blitz,black,player4138,1262,1206,loss,Scandinavian Defense,36,mate
1738441320,rapid,white,player4580,1282,1312,loss,Scotch Game,33,resign
1738532940,rapid,black,player3605,1368,1320,win,Sicilian Defense,55,resign
1738533360,rapid,black,player931,1276,1329,win,Scandinavian Defense,29,mate
1738534200,blitz,white,player9116,1264,1206,draw,Vienna Game,22,draw
1738535280,blitz,black,player1565,1142,1199,loss,King's Indian Defense,32,resign
1738536180,rapid,white,player8216,1432,1324,loss,Ruy Lopez,29,resign
1738536540,bullet,black,player5589,1100,1157,draw,Sicilian Defense,28,draw
1738537260,blitz,white,player4315,1121,1193,loss,English Opening,79,resign
1738538160,blitz,black,player6743,1212,1188,loss,Dutch Defense,45,outoftime
1738625400,blitz,white,player9486,1159,1195,win,Italian Game,23,resign
1738680120,blitz,black,player4933,1247,1188,loss,Caro-Kann Defense,31,resign
1738680480,blitz,black,player3678,1167,1197,win,Pirc Defense,45,resign
1738681440,blitz,white,player8381,1258,1207,win,English Opening,43,outoftime
1738753980,rapid,black,player7584,1347,1329,win,Sicilian Defense,54,resign
1738754760,blitz,black,player3670,1175,1200,loss,Pirc Defense,34,mate
1738755300,rapid,white,player6987,1343,1338,win,Queen's Gambit,35,mate
1738755840,bullet,black,player8935,1283,1150,loss,King's Indian Defense,56,outoftime
1738871160,bullet,white,player3862,1142,1141,loss,Italian Game,58,resign
1738871580,blitz,white,player356,1310,1196,loss,Scotch Game,38,resign
1738872360,blitz,white,player1024,1095,1202,win,London System,43,resign
1738872720,blitz,black,player5353,1327,1195,loss,Caro-Kann Defense,40,resign
1739043420,bullet,white,player8692,1149,1148,win,Vienna Game,66,resign
1739043960,rapid,black,player5027,1308,1347,win,Caro-Kann Defense,42,outoftime
1739454060,blitz,black,player9978,1094,1202,win,Dutch Defense,31,resign
1739454300,bullet,white,player3570,1081,1141,loss,London System,71,outoftime
1739981880,blitz,black,player7792,1167,1203,draw,French Defense,24,draw
1739982840,rapid,white,player9165,1327,1353,win,King's Gambit,54,mate
1740062160,rapid,black,player8137,1413,1361,win,Scandinavian Defense,30,resign
1740062820,blitz,black,player1062,1256,1197,loss,Caro-Kann Defense,11,resign
1740408300,blitz,white,player357,1088,1206,win,English Opening,33,resign
1740408540,blitz,black,player7154,1206,1197,loss,Sicilian Defense,48,mate
1740408840,bullet,white,player6212,1170,1135,loss,London System,9,resign
1740409440,blitz,white,player619,1246,1192,loss,London System,49,outoftime
1740410160,blitz,white,player1662,1186,1185,loss,Ruy Lopez,45,outoftime
1740411240,blitz,white,player1318,1286,1176,loss,London System,33,mate
1740586380,rapid,black,player8956,1276,1370,win,Sicilian Defense,27,resign
1740586920,blitz,white,player1345,1247,1172,loss,Queen's Gambit,25,mate
1740587700,blitz,black,player6250,1126,1164,loss,Sicilian Defense,58,resign
1740588300,blitz,black,player2626,1211,1170,win,Sicilian Defense,20,mate
1740588660,rapid,black,player1774,1261,1377,win,French Defense,54,resign
1740589020,blitz,black,player1624,1194,1166,loss,King's Indian Defense,17,resign
1740675900,rapid,white,player1136,1360,1384,win,Ruy Lopez,23,resign
1740676260,blitz,black,player8223,1246,1173,win,French Defense,30,resign
1740676560,blitz,white,player9838,1263,1166,loss,Vienna Game,32,resign
1740774600,blitz,black,player5439,1228,1158,loss,French Defense,19,resign
1740775200,blitz,white,player4873,1240,1150,loss,Ruy Lopez,56,mate
1740776220,rapid,black,player2625,1299,1384,draw,Pirc Defense,32,draw
1740776520,blitz,black,player5990,1163,1151,draw,Scandinavian Defense,13,draw
1741119720,blitz,white,player3737,1238,1160,win,Vienna Game,21,mate
1741120500,rapid,white,player502,1360,1393,win,English Opening,36,mate
1741121160,blitz,black,player3489,1240,1154,loss,Sicilian Defense,25,resign
1741121460,blitz,black,player1891,1097,1160,win,French Defense,36,resign
1741122300,rapid,white,player6736,1315,1401,win,Ruy Lopez,31,mate
1741201920,blitz,black,player1125,1205,1167,win,King's Indian Defense,31,outoftime
1741267200,blitz,white,player9717,1273,1160,loss,Scotch Game,47,resign
1741267860,rapid,black,player3099,1305,1395,loss,Scandinavian Defense,46,resign
1741268400,rapid,black,player2938,1314,1404,win,King's Indian Defense,22,resign
1741268760,blitz,black,player3296,1247,1158,draw,Scandinavian Defense,32,draw
1741269780,blitz,black,player605,1169,1166,win,King's Indian Defense,40,mate
1741270020,blitz,black,player1971,1172,1158,loss,Caro-Kann Defense,28,mate
1741509960,blitz,white,player7468,1214,1153,loss,Vienna Game,35,outoftime
1741510260,blitz,white,player7115,1231,1146,loss,London System,65,resign
1741510620,rapid,white,player5402,1309,1414,win,London System,49,resign
1741511400,blitz,white,player2178,1233,1141,loss,Ruy Lopez,36,outoftime
1741512300,bullet,white,player4502,1104,1127,loss,Ruy Lopez,28,resign
1741795140,bullet,black,player5969,1150,1132,win,King's Indian Defense,28,resign
1741796160,blitz,black,player5633,1145,1134,loss,Caro-Kann Defense,30,outoftime
1741797180,blitz,black,player2688,1035,1143,win,Pirc Defense,35,outoftime
1741797840,blitz,black,player4589,1262,1151,win,Caro-Kann Defense,49,outoftime
1741868700,rapid,white,player9826,1322,1410,loss,Vienna Game,45,mate
1741869120,blitz,black,player2265,1194,1156,win,Sicilian Defense,28,resign
1741869420,rapid,white,player2281,1379,1404,loss,Queen's Gambit,39,outoftime
1741870260,bullet,white,player2580,1157,1138,win,Queen's Gambit,54,resign
1741870920,bullet,white,player2390,1199,1146,win,Queen's Gambit,28,resign
1741871340,blitz,white,player539,1191,1148,loss,London System,49,outoftime
1741958700,blitz,white,player297,1126,1156,win,London System,21,mate
1741959240,bullet,white,player7817,1252,1139,loss,Vienna Game,61,mate
1741959480,rapid,white,player8309,1285,1396,loss,Scotch Game,31,resign
1741960440,blitz,black,player8477,1178,1151,loss,Sicilian Defense,71,resign
1742161380,rapid,black,player7218,1460,1391,loss,Pirc Defense,19,mate
1742161680,blitz,white,player285,1226,1146,loss,Scotch Game,55,resign
1742162400,blitz,black,player580,1054,1139,loss,Caro-Kann Defense,67,mate
1742162940,rapid,black,player8468,1325,1382,loss,Scandinavian Defense,27,resign
1742245020,rapid,white,player6374,1400,1388,win,London System,50,resign
1742246100,blitz,white,player6208,1093,1147,win,Vienna Game,53,mate
1742340300,blitz,black,player6144,1219,1141,loss,Dutch Defense,52,resign
1742340720,blitz,black,player3301,1087,1150,win,Pirc Defense,36,outoftime
1742341680,blitz,white,player6264,1074,1155,win,Vienna Game,20,mate
1742342700,rapid,black,player2432,1394,1380,loss,Sicilian Defense,36,mate
1742343780,blitz,black,player6561,1143,1160,win,Pirc Defense,31,resign
1742555880,blitz,black,player1323,1216,1153,loss,Dutch Defense,45,resign
1742556840,rapid,white,player3501,1365,1389,win,Queen's Gambit,35,resign
1742557500,blitz,black,player760,1044,1160,win,Dutch Defense,44,resign
1742557860,blitz,white,player609,1168,1168,win,King's Gambit,64,outoftime
1742936820,blitz,white,player4340,1249,1166,draw,Ruy Lopez,42,draw
1742937120,blitz,black,player929,1058,1160,loss,Dutch Defense,35,outoftime
1743099840,rapid,white,player4126,1492,1396,win,King's Gambit,28,mate
1743100920,rapid,white,player4182,1367,1402,win,Queen's Gambit,24,resign
1743101760,bullet,white,player9367,1211,1148,win,Vienna Game,24,resign
1743102120,blitz,white,player5956,1260,1155,loss,Italian Game,37,resign
1743103080,rapid,white,player1016,1333,1395,loss,Ruy Lopez,40,resign
1743369060,blitz,black,player9400,1221,1165,win,Dutch Defense,8,resign
1743369840,blitz,white,player3684,1126,1171,win,English Opening,53,mate
1743370380,bullet,white,player2420,1206,1156,win,Ruy Lopez,39,mate
1743371340,blitz,black,player5385,1227,1163,loss,Sicilian Defense,43,resign
1743371940,rapid,black,player5946,1314,1386,loss,Pirc Defense,44,outoftime
1743606660,rapid,black,player3719,1420,1395,win,Dutch Defense,33,outoftime
1743607320,blitz,white,player5600,1120,1168,win,London System,32,resign
1743607980,blitz,white,player7279,1072,1173,win,London System,33,mate
1743609060,blitz,black,player3795,1151,1181,win,French Defense,8,resign
1743609420,blitz,white,player6251,1127,1187,win,Scotch Game,40,mate
1743806700,blitz,white,player9178,1070,1193,win,Vienna Game,42,resign
1743807600,bullet,black,player8143,1106,1161,win,Pirc Defense,45,resign
1743808200,blitz,black,player1992,1067,1200,win,Caro-Kann Defense,48,resign
1743808680,rapid,black,player6349,1457,1404,win,King's Indian Defense,27,resign
1743809160,blitz,black,player1684,1159,1199,draw,Caro-Kann Defense,49,draw
1743809460,rapid,black,player6958,1345,1405,draw,Dutch Defense,58,draw
1743810540,blitz,white,player9463,1093,1204,win,English Opening,33,outoftime
1743811380,bullet,white,player3257,1249,1160,draw,Queen's Gambit,48,draw
1743969180,rapid,black,player4625,1505,1413,win,Pirc Defense,48,resign
1743969900,blitz,white,player1741,1178,1213,win,Vienna Game,54,resign
1743970200,rapid,black,player4612,1384,1404,loss,King's Indian Defense,29,mate
1743970800,blitz,black,player4500,1317,1208,loss,Sicilian Defense,40,resign
1743971820,rapid,black,player5023,1420,1399,loss,French Defense,36,mate
1743972720,blitz,black,player6771,1202,1204,loss,French Defense,36,mate
1743973740,blitz,white,player9417,1150,1197,loss,Ruy Lopez,14,outoftime
1743973980,blitz,white,player7705,1077,1204,win,Italian Game,18,resign
1744138500,blitz,black,player2769,1288,1200,loss,French Defense,37,resign
1744139520,rapid,white,player245,1341,1392,loss,London System,30,resign
1744139880,rapid,white,player4611,1420,1385,loss,London System,39,resign
1744486740,blitz,white,player4731,1250,1193,loss,Italian Game,35,resign
1744487040,blitz,black,player4037,1288,1201,win,Pirc Defense,44,resign
1744488120,blitz,black,player4350,1250,1206,win,Pirc Defense,49,outoftime
1744571520,blitz,white,player9246,1340,1197,loss,English Opening,30,mate
1744571880,blitz,black,player5599,1151,1188,loss,Caro-Kann Defense,32,mate
1744572300,rapid,black,player7698,1502,1385,draw,King's Indian Defense,29,draw
1744573320,blitz,white,player4988,1295,1193,win,Queen's Gambit,13,resign
1744573680,blitz,white,player3054,1216,1186,loss,King's Gambit,52,outoftime
1744672800,rapid,white,player1542,1311,1379,loss,English Opening,48,mate
1744673400,blitz,black,player8800,1060,1193,win,King's Indian Defense,48,outoftime
1744673820,blitz,white,player9744,1242,1187,loss,London System,36,resign
1744749480,blitz,black,player6709,1143,1179,loss,Pirc Defense,42,mate
1744749720,blitz,white,player712,1072,1186,win,London System,23,resign
1744750680,blitz,white,player1997,1099,1185,draw,Italian Game,52,draw
1744818240,blitz,white,player2347,1232,1195,win,Scotch Game,11,resign
1744818960,rapid,white,player8671,1447,1385,win,Scotch Game,52,resign
1744893300,blitz,white,player8195,1130,1200,win,English Opening,41,outoftime
1744894020,blitz,white,player2962,1144,1208,win,Scotch Game,42,mate
1744895040,blitz,black,player851,1271,1214,win,French Defense,45,resign
1745001540,blitz,white,player6419,1192,1222,win,King's Gambit,38,resign
1745002440,bullet,black,player2711,1257,1166,win,Pirc Defense,62,mate
1745003100,rapid,black,player2240,1366,1377,loss,Caro-Kann Defense,56,resign
1745136960,rapid,white,player1660,1443,1368,loss,London System,17,resign
1745137620,blitz,black,player2671,1324,1214,loss,Caro-Kann Defense,47,resign
1745138340,rapid,black,player924,1257,1362,loss,Dutch Defense,20,outoftime
1745261460,rapid,white,player6709,1321,1370,win,English Opening,37,mate
1745262060,blitz,white,player7574,1258,1207,loss,Queen's Gambit,50,resign
1745523900,rapid,black,player4883,1432,1365,loss,Sicilian Defense,33,outoftime
1745524620,blitz,white,player3172,1142,1216,win,Italian Game,57,resign
1745525040,blitz,white,player7481,1277,1219,draw,King's Gambit,56,draw
1745525700,rapid,white,player8012,1365,1356,loss,English Opening,59,outoftime
1745526780,blitz,white,player6402,1186,1210,loss,Ruy Lopez,26,resign
1745882880,rapid,white,player5243,1419,1348,loss,Vienna Game,30,resign
1745883720,blitz,white,player3013,1184,1204,loss,Scotch Game,8,resign
1745884440,blitz,black,player6939,1266,1212,win,Pirc Defense,24,outoftime
1745885160,blitz,black,player3375,1210,1221,win,Dutch Defense,11,resign
1745885640,rapid,white,player8966,1298,1353,win,Scotch Game,63,resign
1745885940,rapid,white,player6351,1355,1346,loss,Vienna Game,43,mate
1745886540,blitz,black,player7359,1090,1215,loss,Scandinavian Defense,52,resign
1745887440,rapid,black,player4919,1368,1340,loss,Dutch Defense,10,outoftime
1746018660,rapid,white,player4278,1315,1348,win,Vienna Game,53,resign
1746019740,blitz,white,player9482,1112,1206,loss,King's Gambit,38,resign
1746020460,blitz,black,player6709,1125,1216,win,Scandinavian Defense,46,resign
1746020880,rapid,black,player244,1277,1339,loss,French Defense,43,outoftime
1746214740,blitz,white,player4733,1327,1211,loss,King's Gambit,54,resign
1746215700,blitz,black,player1672,1152,1205,loss,King's Indian Defense,40,mate
1746216060,bullet,white,player1802,1208,1160,loss,Queen's Gambit,45,resign
1746217140,bullet,black,player720,1291,1167,win,Pirc Defense,63,resign
1746217440,blitz,white,player7491,1105,1211,win,Scotch Game,27,resign
1746217680,blitz,white,player5960,1280,1203,loss,Italian Game,27,outoftime
1746386280,rapid,black,player6506,1426,1332,loss,King's Indian Defense,45,mate
1746386760,bullet,white,player9194,1280,1160,loss,Scotch Game,11,mate
1746387120,blitz,white,player5733,1225,1197,loss,Vienna Game,45,resign
1746388140,blitz,white,player9394,1226,1192,loss,Ruy Lopez,67,resign
1746488100,blitz,white,player5520,1095,1198,win,Scotch Game,24,resign
1746488520,blitz,white,player2596,1197,1207,win,London System,54,resign
1746489300,rapid,black,player4633,1203,1338,win,King's Indian Defense,42,resign
1746490200,blitz,black,player1443,1177,1199,loss,King's Indian Defense,31,mate
1746491220,blitz,white,player8409,1259,1194,loss,London System,20,outoftime
1746657300,blitz,black,player4867,1121,1200,win,Pirc Defense,19,resign
1746657660,blitz,white,player2817,1204,1206,win,Vienna Game,38,outoftime
1746658020,blitz,white,player3934,1192,1215,win,English Opening,30,resign
1746658260,rapid,black,player1791,1452,1334,loss,King's Indian Defense,33,resign
1746732960,blitz,black,player3751,1265,1210,loss,French Defense,21,resign
1746733680,blitz,black,player2813,1223,1205,loss,King's Indian Defense,40,mate
1746734160,blitz,white,player5510,1235,1200,loss,Ruy Lopez,54,resign
1746735060,blitz,black,player9496,1222,1209,win,King's Indian Defense,31,mate
1746735780,blitz,white,player9334,1145,1200,loss,Italian Game,33,resign
1746821880,bullet,white,player2438,1164,1155,loss,English Opening,45,resign
1746822240,rapid,black,player6296,1397,1342,win,Caro-Kann Defense,13,mate
1746822840,blitz,white,player3006,1301,1192,loss,London System,18,resign
1746823080,bullet,white,player7169,1203,1164,win,Queen's Gambit,40,mate
1746823800,blitz,white,player9539,1304,1184,loss,Vienna Game,44,outoftime
1747077360,blitz,white,player6035,1066,1190,win,Queen's Gambit,42,resign
1747077660,blitz,black,player6611,1219,1197,win,French Defense,38,outoftime
1747078620,rapid,white,player6622,1366,1342,draw,King's Gambit,23,draw
1747079520,blitz,white,player5644,1276,1192,loss,London System,44,resign
1747181100,rapid,black,player6396,1242,1348,win,Scandinavian Defense,19,resign
1747182180,bullet,black,player3404,1211,1170,win,Pirc Defense,57,resign
1747182900,blitz,white,player2679,1119,1186,loss,London System,11,mate
1747183200,bullet,black,player1224,1157,1176,win,French Defense,53,resign
1747184100,rapid,black,player6718,1451,1357,win,French Defense,29,resign
1747184880,blitz,white,player8509,1094,1196,win,Vienna Game,65,outoftime
1747185900,rapid,black,player7617,1332,1351,loss,Pirc Defense,30,outoftime
1747186740,blitz,white,player5272,1130,1202,win,English Opening,26,mate
1747317900,blitz,black,player4508,1322,1209,win,Sicilian Defense,44,outoftime
1747318260,bullet,white,player3422,1115,1182,win,English Opening,51,mate
1747318800,blitz,white,player8971,1123,1210,draw,Queen's Gambit,15,draw
1747319040,rapid,black,player8474,1352,1342,loss,Scandinavian Defense,36,resign
1747319820,blitz,black,player2963,1243,1217,win,King's Indian Defense,47,resign
1747768800,blitz,black,player3113,1166,1225,win,Caro-Kann Defense,28,resign
1747769700,rapid,black,player3844,1290,1352,win,Dutch Defense,38,resign
1747837620,bullet,white,player8570,1261,1188,win,Ruy Lopez,26,resign
1747838280,blitz,white,player1677,1269,1231,win,Vienna Game,35,resign
1748029860,blitz,white,player8921,1188,1223,loss,Vienna Game,49,resign
1748030400,blitz,black,player2473,1225,1215,loss,Dutch Defense,59,resign
1748031420,blitz,black,player5236,1256,1211,loss,King's Indian Defense,33,resign
1748208180,rapid,black,player1411,1269,1346,loss,King's Indian Defense,48,resign
1748208600,blitz,white,player8684,1317,1203,loss,Queen's Gambit,38,resign
1748209080,rapid,white,player8730,1278,1353,win,Vienna Game,32,mate
1748210100,blitz,white,player4563,1329,1211,win,King's Gambit,30,outoftime
1748211000,blitz,black,player5173,1261,1203,loss,Pirc Defense,35,resign
1748212080,blitz,white,player8674,1160,1211,win,Queen's Gambit,48,mate
1748291460,bullet,black,player9081,1249,1181,loss,French Defense,13,resign
1748292000,blitz,black,player1397,1124,1203,loss,King's Indian Defense,28,mate
1748292960,rapid,black,player3088,1428,1346,loss,French Defense,42,outoftime
1748293320,blitz,black,player913,1151,1196,loss,Scandinavian Defense,40,mate
1748368800,blitz,white,player6184,1131,1203,win,Italian Game,37,resign
1748369460,rapid,white,player1269,1428,1341,loss,King's Gambit,29,resign
1748702940,bullet,white,player7846,1169,1176,loss,Italian Game,35,outoftime
1748703540,rapid,black,player4995,1372,1332,loss,French Defense,47,resign
1748704560,rapid,white,player6584,1328,1338,win,London System,65,resign
1748705520,blitz,white,player5644,1242,1209,win,English Opening,81,resign
1748706360,blitz,black,player9248,1257,1205,loss,Pirc Defense,17,mate
1748894460,rapid,black,player8992,1271,1330,loss,Pirc Defense,35,resign
1748894820,blitz,black,player1228,1154,1196,loss,Pirc Defense,29,resign
1748895540,blitz,black,player3139,1207,1201,win,Dutch Defense,52,resign
1748896080,rapid,white,player3210,1234,1332,draw,King's Gambit,24,draw
1748896800,rapid,white,player817,1311,1328,loss,Scotch Game,41,resign
1748897820,blitz,white,player9771,1097,1209,win,English Opening,31,resign
1748980800,bullet,white,player9242,1297,1168,loss,English Opening,36,mate
1748981820,blitz,white,player8611,1100,1203,loss,Scotch Game,8,mate
1749057120,blitz,white,player7615,1276,1198,loss,Ruy Lopez,33,resign
1749057420,blitz,white,player5872,1165,1189,loss,Vienna Game,23,resign
1749140580,blitz,black,player9115,1159,1180,loss,Dutch Defense,47,resign
1749141240,blitz,black,player5045,1076,1172,loss,Sicilian Defense,33,mate
1749141480,blitz,white,player9449,1144,1179,win,London System,45,resign
1749141720,blitz,white,player1605,1145,1174,loss,Ruy Lopez,34,outoftime
1749142500,blitz,white,player9540,1145,1168,loss,Queen's Gambit,40,outoftime
1749143340,blitz,black,player6924,1071,1161,loss,Sicilian Defense,32,outoftime
1749144420,bullet,white,player8946,1252,1163,loss,Italian Game,26,mate
1749145320,blitz,white,player6560,1232,1153,loss,Vienna Game,33,resign
1749236580,blitz,black,player3345,1158,1159,win,Sicilian Defense,17,resign
1749580980,bullet,white,player496,1154,1171,win,Queen's Gambit,39,resign
1749581940,blitz,black,player3925,1255,1153,loss,Scandinavian Defense,42,outoftime
1749739140,bullet,black,player3524,1223,1164,loss,Sicilian Defense,50,mate
1749740040,blitz,white,player6270,1158,1147,loss,Scotch Game,20,resign
1749740280,blitz,white,player236,1220,1141,loss,Scotch Game,27,resign
1749740580,blitz,black,player6432,1266,1137,loss,Pirc Defense,39,outoftime
1749741480,blitz,black,player9286,1181,1132,loss,King's Indian Defense,51,outoftime
1749918660,blitz,white,player8312,1183,1140,win,Italian Game,37,outoftime
1749919140,bullet,white,player6362,1074,1172,win,Scotch Game,42,mate
1749919860,bullet,white,player8983,1190,1179,win,Vienna Game,51,resign
1749920640,blitz,white,player2478,1190,1131,loss,Ruy Lopez,52,resign
1749921480,bullet,white,player2484,1188,1175,loss,King's Gambit,34,outoftime
1749922560,bullet,black,player2255,1244,1169,loss,French Defense,14,mate
1750016280,rapid,white,player8330,1375,1333,win,London System,46,resign
1750017120,blitz,black,player345,1046,1138,win,King's Indian Defense,25,resign
1750018200,blitz,black,player7297,1197,1133,loss,Caro-Kann Defense,48,outoftime
1750018740,bullet,white,player9470,1244,1177,win,Vienna Game,25,resign
1750019520,blitz,white,player8912,1128,1128,loss,Queen's Gambit,19,mate
1750020240,blitz,white,player2827,1114,1135,win,London System,51,resign
1750020840,blitz,white,player9691,1226,1130,loss,Ruy Lopez,57,mate
1750021200,blitz,black,player5409,1040,1136,win,King's Indian Defense,29,mate
1750243500,blitz,black,player9116,1198,1145,win,Sicilian Defense,20,mate
1750244580,blitz,white,player7411,1074,1150,win,Ruy Lopez,54,resign
1750245060,rapid,white,player8269,1279,1341,win,Ruy Lopez,36,resign
1750246140,blitz,white,player9067,1133,1159,win,English Opening,37,mate
1750246620,rapid,white,player9571,1248,1349,win,Italian Game,44,outoftime
1750374600,rapid,white,player6138,1385,1355,win,English Opening,27,resign
1750375680,blitz,white,player4596,1190,1168,win,Vienna Game,31,resign
1750619100,blitz,black,player2225,1269,1177,win,King's Indian Defense,50,resign
1750619880,rapid,black,player125,1291,1349,loss,King's Indian Defense,49,outoftime
1750620840,blitz,white,player3396,1066,1186,win,Vienna Game,48,mate
1750621740,blitz,white,player6588,1189,1182,loss,Scotch Game,34,resign
1750621980,rapid,white,player2324,1326,1341,loss,King's Gambit,18,resign
1750715820,blitz,black,player8879,1261,1173,loss,Pirc Defense,56,resign
1750716360,rapid,black,player2819,1281,1334,loss,Sicilian Defense,40,resign
1750717140,rapid,white,player1522,1426,1327,loss,Queen's Gambit,27,resign
1750854180,rapid,white,player5672,1335,1335,win,Queen's Gambit,38,mate
1750855260,blitz,black,player2274,1084,1168,loss,Dutch Defense,39,outoftime
1750855860,rapid,white,player855,1447,1344,win,Italian Game,41,resign
1750856160,blitz,black,player4632,1245,1174,win,Sicilian Defense,14,mate
1750950000,bullet,white,player4741,1148,1178,draw,London System,33,draw
1750950780,blitz,white,player926,1286,1183,win,Scotch Game,41,mate
1751064000,rapid,black,player8840,1299,1350,win,Scandinavian Defense,40,resign
1751064300,bullet,black,player7725,1070,1171,loss,Scandinavian Defense,8,resign
1751064660,bullet,black,player7526,1094,1164,loss,French Defense,44,outoftime
1751065320,blitz,black,player9515,1181,1190,win,Sicilian Defense,42,resign
1751066340,rapid,white,player6873,1398,1357,win,King's Gambit,42,resign
1751405820,blitz,black,player1376,1167,1190,draw,Scandinavian Defense,36,draw
1751406840,blitz,black,player9901,1096,1184,loss,French Defense,15,resign
1751407140,rapid,black,player9615,1402,1353,loss,French Defense,54,mate
1751739180,rapid,black,player5740,1439,1346,loss,French Defense,26,outoftime
1751739480,rapid,black,player113,1433,1353,win,Dutch Defense,30,outoftime
1751740020,blitz,black,player6371,1109,1193,win,Dutch Defense,13,resign
1751740620,blitz,white,player6935,1108,1201,win,Ruy Lopez,65,resign
1751832540,rapid,black,player7074,1265,1361,win,Pirc Defense,77,outoftime
1751916480,blitz,white,player8320,1233,1209,win,Ruy Lopez,34,mate
1751917260,blitz,white,player8724,1190,1217,win,English Opening,69,mate
1751918280,bullet,black,player1379,1065,1174,win,King's Indian Defense,30,resign
1751919060,blitz,white,player5531,1298,1225,win,King's Gambit,22,resign
1751987400,blitz,black,player4880,1259,1233,win,Pirc Defense,45,resign
1751987880,blitz,white,player4309,1325,1239,win,Queen's Gambit,19,resign
1751988120,rapid,white,player8044,1361,1368,win,Ruy Lopez,45,resign
1751988360,blitz,white,player6377,1362,1231,loss,Ruy Lopez,53,resign
1751988780,rapid,white,player2000,1438,1363,loss,London System,52,resign
1751989440,blitz,white,player294,1297,1239,win,Vienna Game,43,outoftime
1751989920,bullet,black,player5897,1140,1170,loss,King's Indian Defense,52,resign
1751991000,rapid,black,player4061,1304,1356,loss,French Defense,33,resign
1752451440,blitz,white,player1606,1239,1247,win,Queen's Gambit,55,mate
1752925320,rapid,white,player7529,1290,1364,win,Queen's Gambit,44,mate
1752926400,bullet,black,player4643,1233,1164,loss,Pirc Defense,40,resign
1752926940,bullet,black,player6532,1082,1172,win,Dutch Defense,24,mate
1752927300,rapid,white,player7334,1442,1366,draw,Ruy Lopez,36,draw
1752927600,blitz,black,player719,1130,1241,loss,Dutch Defense,31,mate
1752928440,blitz,white,player8139,1234,1243,draw,King's Gambit,23,draw
1753306200,blitz,black,player5671,1206,1248,win,French Defense,39,outoftime
1753306500,rapid,black,player6491,1282,1374,win,Pirc Defense,53,resign
1753307040,blitz,black,player8115,1154,1253,win,Pirc Defense,26,resign
1753307640,blitz,black,player801,1348,1249,loss,King's Indian Defense,29,mate
1753308480,rapid,black,player2419,1489,1366,loss,Pirc Defense,43,mate
1753309140,rapid,black,player5135,1294,1361,loss,Scandinavian Defense,40,resign
1753309920,blitz,white,player7083,1244,1241,loss,Queen's Gambit,32,outoftime
1753310460,rapid,black,player3593,1404,1355,loss,French Defense,39,outoftime
1753387800,rapid,white,player6262,1463,1350,loss,English Opening,19,outoftime
1753388760,blitz,black,player4748,1107,1246,win,Sicilian Defense,16,resign
1753543680,blitz,white,player5034,1176,1237,loss,Italian Game,50,resign
1753544220,blitz,white,player8942,1240,1228,loss,London System,22,resign
1753738980,rapid,black,player3533,1260,1346,loss,King's Indian Defense,37,resign
1753739580,blitz,black,player8047,1285,1238,win,Sicilian Defense,32,resign
1753993200,blitz,white,player3715,1135,1246,win,King's Gambit,37,resign
1753993500,blitz,black,player2334,1250,1255,win,Sicilian Defense,29,resign
1754164980,blitz,white,player2668,1241,1263,win,English Opening,40,resign
1754165940,rapid,white,player7857,1318,1338,loss,London System,43,mate
1754231220,rapid,white,player7074,1227,1346,win,Italian Game,28,resign
1754231940,blitz,white,player3671,1204,1268,win,English Opening,45,resign
1754232780,bullet,white,player499,1136,1180,win,English Opening,46,resign
1754233440,blitz,white,player1258,1340,1260,loss,Vienna Game,21,mate
1754234160,blitz,black,player1426,1311,1251,loss,Dutch Defense,52,mate
1754234940,bullet,white,player6103,1086,1187,win,King's Gambit,46,mate
1754509260,blitz,white,player1138,1216,1242,loss,London System,53,resign
1754509800,blitz,black,player4888,1335,1251,win,Scandinavian Defense,25,resign
1754510640,bullet,white,player1360,1306,1182,loss,London System,41,mate
1754568540,bullet,white,player451,1234,1176,loss,Scotch Game,36,resign
1754569560,rapid,black,player8786,1316,1339,loss,King's Indian Defense,42,resign
1755008580,bullet,white,player8870,1124,1182,win,Ruy Lopez,29,mate
1755009600,rapid,white,player6156,1240,1346,win,Ruy Lopez,74,resign
1755009960,blitz,white,player2090,1164,1260,win,King's Gambit,50,resign
1755010620,rapid,black,player4942,1216,1337,loss,French Defense,31,resign
1755011280,bullet,white,player9126,1233,1190,win,English Opening,40,mate
1755160860,blitz,white,player8485,1136,1268,win,Scotch Game,40,outoftime
1755284580,bullet,black,player5751,1242,1183,loss,King's Indian Defense,15,mate
1755285600,rapid,white,player7044,1331,1331,loss,English Opening,69,resign
1755286500,bullet,white,player9777,1105,1192,win,Queen's Gambit,38,mate
1755455760,rapid,white,player5047,1414,1333,draw,London System,31,draw
1755456780,rapid,black,player7842,1339,1339,win,Scandinavian Defense,52,resign
1755548100,blitz,black,player4325,1288,1259,loss,King's Indian Defense,52,resign
1755548940,rapid,white,player5337,1407,1333,loss,King's Gambit,17,mate
1755549480,blitz,black,player1358,1299,1253,loss,French Defense,43,resign
1755635880,rapid,black,player6039,1419,1327,loss,Dutch Defense,53,resign
1755636900,blitz,white,player3669,1328,1246,loss,Scotch Game,48,mate
1755637260,blitz,white,player7956,1241,1241,loss,Queen's Gambit,25,outoftime
1755637620,rapid,black,player2432,1291,1333,win,Caro-Kann Defense,55,outoftime
1755687900,blitz,white,player8512,1304,1234,loss,Queen's Gambit,24,mate
1755688980,blitz,white,player3377,1122,1229,loss,Scotch Game,29,mate
1755893820,bullet,black,player1723,1280,1184,loss,French Defense,48,resign
1755894540,blitz,white,player3606,1329,1224,loss,Scotch Game,16,mate
1756145160,blitz,black,player2125,1156,1233,win,King's Indian Defense,21,outoftime
1756145820,rapid,black,player9936,1231,1342,win,Scandinavian Defense,41,resign
1756146720,blitz,black,player7893,1219,1242,win,Caro-Kann Defense,50,mate
1756146960,bullet,black,player9775,1153,1190,win,Pirc Defense,32,resign
1756386720,rapid,black,player9634,1428,1335,loss,Sicilian Defense,18,resign
1756387680,rapid,black,player2514,1385,1327,loss,French Defense,24,resign
1756388640,blitz,white,player1217,1249,1249,win,Scotch Game,34,resign
1756471140,rapid,white,player5729,1336,1335,win,English Opening,38,resign
1756472100,bullet,white,player7350,1293,1182,loss,Italian Game,34,outoftime
1756472820,rapid,black,player1892,1330,1342,win,Pirc Defense,38,resign
1756473600,rapid,black,player6289,1442,1347,win,King's Indian Defense,28,resign
1756543980,blitz,white,player4101,1150,1256,win,King's Gambit,29,mate
1756637040,blitz,black,player7021,1174,1264,win,Sicilian Defense,10,resign
1756637520,blitz,black,player8101,1210,1272,win,Scandinavian Defense,25,mate
1756637820,rapid,white,player7243,1355,1341,loss,King's Gambit,43,resign
1756732560,blitz,black,player9797,1303,1267,loss,Dutch Defense,56,resign
1756733100,blitz,black,player8946,1226,1260,loss,King's Indian Defense,32,resign
1756733580,rapid,black,player3156,1370,1346,win,Pirc Defense,51,resign
1756734360,blitz,black,player9375,1317,1251,loss,French Defense,37,outoftime
1756734780,blitz,white,player1155,1311,1244,loss,London System,33,resign
1756735620,blitz,black,player4007,1208,1237,loss,French Defense,44,mate
1756942020,rapid,white,player9122,1285,1353,win,London System,43,resign
1756942380,rapid,white,player1141,1248,1358,win,English Opening,49,resign
1756942920,rapid,white,player8296,1467,1353,loss,Vienna Game,29,resign
1757101740,bullet,black,player9673,1098,1187,win,King's Indian Defense,35,resign
1757102640,blitz,black,player9758,1133,1244,win,Caro-Kann Defense,12,resign
1757102880,blitz,black,player4650,1167,1252,win,Pirc Defense,61,mate
1757103420,blitz,black,player995,1131,1255,draw,Dutch Defense,15,draw
1757360640,blitz,white,player5029,1260,1263,win,London System,59,outoftime
1757361060,blitz,white,player1412,1229,1255,loss,English Opening,51,resign
1757362080,rapid,black,player1744,1346,1346,loss,King's Indian Defense,47,outoftime
1757450100,rapid,black,player2329,1406,1352,win,Pirc Defense,18,resign
1757450340,blitz,black,player2231,1159,1261,win,French Defense,50,outoftime
1757451300,bullet,black,player4716,1267,1193,win,King's Indian Defense,20,outoftime
1757525040,bullet,white,player7676,1093,1184,loss,Italian Game,44,outoftime
1757525400,blitz,black,player331,1172,1269,win,Scandinavian Defense,58,resign
1757526300,blitz,black,player4461,1281,1276,win,Dutch Defense,34,outoftime
1757598720,blitz,white,player7488,1250,1272,loss,Vienna Game,53,resign
1757599800,blitz,black,player3576,1257,1279,win,Sicilian Defense,32,resign
1757753940,blitz,black,player187,1345,1270,loss,Scandinavian Defense,16,outoftime
1757754420,blitz,black,player2883,1318,1280,win,French Defense,8,mate
1757755500,blitz,white,player2195,1302,1288,win,King's Gambit,37,mate
1757756160,bullet,black,player4421,1297,1177,loss,Pirc Defense,23,resign
1757880540,rapid,black,player7753,1261,1359,win,Sicilian Defense,36,resign
1757881140,blitz,black,player2525,1258,1279,loss,Sicilian Defense,42,resign
1757882160,blitz,white,player8718,1390,1273,loss,Scotch Game,42,outoftime
1757883120,rapid,black,player2098,1427,1354,loss,Sicilian Defense,23,mate
1757883420,rapid,white,player9835,1338,1346,loss,Italian Game,49,outoftime
1757884260,blitz,white,player4735,1335,1265,loss,English Opening,35,outoftime
1757884560,blitz,black,player2769,1207,1274,win,Sicilian Defense,42,outoftime
1757885160,rapid,black,player5180,1402,1353,win,Pirc Defense,53,resign
1758577140,blitz,black,player2640,1271,1282,win,Sicilian Defense,27,resign
1758578220,blitz,white,player5021,1272,1290,win,Scotch Game,47,outoftime
1758578700,rapid,white,player9413,1261,1362,win,Italian Game,23,resign
1758579720,blitz,black,player3085,1353,1285,loss,Scandinavian Defense,40,resign
1758580320,bullet,black,player3166,1245,1169,loss,French Defense,34,resign
1758657300,rapid,black,player6737,1228,1368,win,Scandinavian Defense,62,resign
1758658080,rapid,black,player2313,1416,1376,win,Scandinavian Defense,11,mate
1758658320,blitz,white,player8924,1183,1291,win,London System,42,resign
1758658980,blitz,black,player7464,1201,1283,loss,Sicilian Defense,49,resign
1758659760,blitz,black,player7174,1387,1284,draw,Scandinavian Defense,64,draw
1758998760,rapid,black,player4488,1278,1384,win,Caro-Kann Defense,34,resign
1758999840,rapid,black,player2743,1423,1377,loss,Sicilian Defense,35,resign
1759000380,blitz,white,player6495,1332,1277,loss,King's Gambit,46,resign
1759694880,blitz,white,player3531,1348,1278,draw,English Opening,8,draw
1759695420,bullet,black,player7155,1083,1161,loss,Pirc Defense,19,mate
1759695720,rapid,white,player9226,1323,1370,loss,London System,37,resign
1759696620,bullet,white,player1769,1167,1156,loss,Italian Game,45,resign
1759697640,rapid,white,player7333,1285,1364,loss,Ruy Lopez,39,resign
1759766880,blitz,white,player4798,1352,1272,loss,English Opening,21,resign
1759767600,blitz,black,player8777,1352,1272,draw,French Defense,29,draw
1759768560,blitz,black,player262,1385,1265,loss,King's Indian Defense,42,resign
1759769460,rapid,white,player707,1319,1370,win,Queen's Gambit,27,resign
1760388900,blitz,black,player6718,1341,1274,win,French Defense,21,mate
1760389560,rapid,black,player1480,1473,1362,loss,Pirc Defense,50,outoftime
1760390460,rapid,white,player2721,1256,1369,win,Scotch Game,40,resign
1760390700,blitz,black,player1082,1363,1282,win,Caro-Kann Defense,43,mate
1760391420,blitz,white,player3968,1237,1280,draw,Queen's Gambit,28,draw
1760392380,rapid,white,player8614,1315,1360,loss,King's Gambit,37,resign
1760647980,blitz,white,player8722,1385,1286,win,Italian Game,31,resign
1760898420,bullet,black,player2219,1244,1166,win,Pirc Defense,54,resign
1760899140,blitz,white,player9956,1174,1277,loss,English Opening,34,outoftime
1760986920,blitz,white,player9760,1246,1286,win,King's Gambit,8,mate
1760987400,bullet,white,player832,1246,1161,loss,Ruy Lopez,53,mate
1761150240,blitz,white,player2540,1329,1287,draw,Ruy Lopez,46,draw
1761151200,rapid,black,player7359,1462,1352,loss,King's Indian Defense,28,resign
1761152100,blitz,white,player9264,1180,1294,win,Ruy Lopez,68,mate
1761312600,blitz,white,player9595,1419,1290,loss,Queen's Gambit,55,mate
1761313260,blitz,black,player494,1184,1295,win,King's Indian Defense,45,mate
1761313740,blitz,white,player2872,1205,1301,win,Ruy Lopez,28,outoftime
1761313980,rapid,black,player5411,1399,1361,win,Caro-Kann Defense,36,mate
1761424620,blitz,black,player6776,1189,1310,win,Sicilian Defense,71,resign
1761425460,blitz,white,player2157,1342,1304,loss,Scotch Game,33,resign
1761740100,blitz,black,player2842,1193,1312,win,Scandinavian Defense,51,resign
1761740340,blitz,black,player3585,1260,1304,loss,French Defense,23,outoftime
1761740580,blitz,white,player7177,1272,1298,loss,Scotch Game,29,outoftime
1761741000,rapid,black,player5369,1343,1354,loss,Pirc Defense,29,resign
1761825540,blitz,black,player8111,1193,1299,draw,Sicilian Defense,51,draw
1761826500,blitz,white,player6266,1188,1291,loss,Queen's Gambit,44,resign
1761826860,rapid,white,player4706,1327,1347,loss,Queen's Gambit,26,resign
1761827700,bullet,black,player8190,1236,1154,loss,Caro-Kann Defense,41,mate
1761828360,bullet,white,player8193,1235,1149,loss,Italian Game,37,resign
1761828720,rapid,white,player3834,1262,1342,loss,Queen's Gambit,54,resign
1761954240,rapid,black,player949,1450,1334,loss,Pirc Defense,22,outoftime
1761955260,bullet,black,player812,1097,1158,win,Dutch Defense,45,resign
1761955740,bullet,black,player3796,1123,1163,win,French Defense,31,outoftime
1761956640,blitz,white,player7963,1204,1296,win,London System,35,mate
1762168500,bullet,white,player1667,1247,1168,win,King's Gambit,39,resign
1762169340,blitz,white,player2189,1396,1303,win,Queen's Gambit,61,resign
1762249380,blitz,white,player9923,1292,1312,win,Scotch Game,47,mate
1762250340,rapid,white,player525,1329,1325,loss,English Opening,26,resign
1762250760,blitz,white,player5922,1397,1304,loss,Queen's Gambit,41,resign
1762251360,blitz,black,player8507,1211,1300,loss,Caro-Kann Defense,60,resign
1762543080,blitz,white,player3301,1226,1309,win,Ruy Lopez,32,resign
1762543500,rapid,white,player9576,1248,1317,loss,Queen's Gambit,26,resign
1762543980,blitz,white,player3754,1412,1304,loss,Queen's Gambit,32,outoftime
1762613220,rapid,black,player262,1301,1323,win,Dutch Defense,41,mate
1762613520,blitz,black,player3341,1338,1298,loss,Caro-Kann Defense,39,mate
1762614000,blitz,black,player4389,1254,1293,loss,Pirc Defense,40,mate
1762614840,blitz,white,player2907,1240,1299,win,King's Gambit,36,resign
1763074200,blitz,black,player9722,1256,1293,loss,Pirc Defense,44,resign
1763075160,blitz,white,player8111,1381,1299,win,Italian Game,54,outoftime
1763502480,blitz,black,player8206,1223,1306,win,Scandinavian Defense,19,resign
1763503320,bullet,white,player6278,1269,1174,win,London System,41,resign
1763504100,blitz,black,player3871,1209,1312,win,French Defense,24,resign
1763576580,rapid,black,player1450,1206,1330,win,French Defense,30,mate
1763577060,rapid,white,player5568,1282,1335,win,Scotch Game,42,resign
1763577540,rapid,black,player5006,1376,1326,loss,Caro-Kann Defense,49,mate
1763840460,blitz,white,player9154,1242,1306,loss,Vienna Game,39,resign
1763841120,blitz,white,player9249,1246,1315,win,King's Gambit,15,resign
1763841360,blitz,white,player6708,1398,1322,win,Scotch Game,39,resign
1763935140,blitz,black,player6347,1411,1313,loss,Scandinavian Defense,16,resign
1764094860,rapid,black,player9985,1296,1331,win,Pirc Defense,29,mate
1764095160,bullet,black,player8595,1104,1184,win,French Defense,38,mate
1764095400,blitz,black,player3482,1211,1321,win,King's Indian Defense,44,mate
1764346320,blitz,black,player4144,1193,1314,loss,French Defense,44,resign
1764347040,blitz,black,player7576,1340,1320,win,King's Indian Defense,22,outoftime
1764348000,blitz,white,player3105,1237,1312,loss,Vienna Game,60,outoftime
1764348900,rapid,black,player4882,1237,1338,win,Pirc Defense,35,resign
1764545700,blitz,black,player3497,1227,1319,win,Sicilian Defense,33,mate
1764546420,blitz,white,player3285,1381,1311,loss,Queen's Gambit,36,resign
1764546720,rapid,white,player4069,1415,1331,loss,King's Gambit,39,resign
1764796200,rapid,white,player283,1236,1340,win,Ruy Lopez,34,resign
1764796740,blitz,white,player1784,1368,1320,win,London System,30,resign
1764797340,rapid,black,player6238,1225,1348,win,Sicilian Defense,45,outoftime
1764797580,blitz,white,player2850,1260,1316,loss,King's Gambit,32,outoftime
1764798480,blitz,black,player8975,1392,1325,win,Scandinavian Defense,26,resign
1764851100,rapid,white,player1203,1336,1355,win,Vienna Game,47,resign
1764852180,blitz,black,player9425,1336,1320,loss,Dutch Defense,54,resign
1764852960,blitz,black,player5309,1411,1314,loss,Pirc Defense,69,resign
1765060080,blitz,white,player4090,1191,1319,win,Italian Game,34,resign
1765221300,bullet,black,player8633,1161,1191,win,Pirc Defense,34,resign
1765222260,bullet,black,player985,1114,1184,loss,Dutch Defense,55,mate
1765222680,rapid,white,player3253,1318,1361,win,Vienna Game,26,resign
1765363020,blitz,white,player4112,1220,1327,win,London System,21,resign
1765363500,blitz,black,player6624,1267,1320,loss,Pirc Defense,46,outoftime
1765478820,blitz,white,player9851,1380,1325,win,English Opening,20,outoftime
1765479180,blitz,black,player7788,1276,1334,win,French Defense,33,resign
1765479600,blitz,white,player6565,1419,1327,loss,Italian Game,51,outoftime
1765533360,blitz,white,player5811,1365,1335,win,Vienna Game,35,resign
1765534080,rapid,black,player665,1393,1369,win,Pirc Defense,49,mate
1765534980,rapid,white,player2744,1369,1364,loss,Scotch Game,31,resign
1765535220,blitz,white,player7029,1392,1330,loss,Vienna Game,45,mate
1765536120,blitz,black,player9481,1391,1329,draw,Scandinavian Defense,50,draw
1765537080,rapid,white,player2859,1305,1356,loss,Scotch Game,38,mate
1765537380,rapid,black,player2300,1401,1365,win,Scandinavian Defense,37,resign
1765537800,blitz,white,player3243,1420,1336,win,English Opening,36,mate
1765626000,blitz,black,player8049,1244,1344,win,Sicilian Defense,68,mate
1765626840,rapid,white,player3558,1430,1356,loss,Italian Game,36,mate
1765627620,blitz,black,player5720,1417,1352,win,King's Indian Defense,37,resign
1765628160,rapid,black,player150,1329,1349,loss,Pirc Defense,17,outoftime
1765629060,rapid,white,player4172,1264,1342,loss,Italian Game,43,resign
1765629600,blitz,black,player849,1399,1360,win,Scandinavian Defense,60,resign
1765733940,rapid,black,player1745,1475,1334,loss,King's Indian Defense,33,outoftime
1765734840,blitz,white,player1526,1385,1352,loss,Ruy Lopez,31,resign
1765735560,bullet,black,player3567,1191,1176,loss,Caro-Kann Defense,57,mate
1765735920,rapid,white,player3710,1395,1341,win,Queen's Gambit,34,resign
1766347140,rapid,black,player7259,1418,1333,loss,King's Indian Defense,17,resign
1766348100,blitz,black,player2002,1248,1359,win,Sicilian Defense,31,outoftime
1766606040,blitz,black,player3739,1341,1353,loss,French Defense,34,resign
1766686140,rapid,black,player662,1332,1327,loss,Dutch Defense,28,mate
1766687040,blitz,black,player2601,1299,1362,win,Pirc Defense,30,outoftime
1766688060,rapid,white,player2708,1442,1319,loss,Italian Game,55,resign
1766688600,blitz,black,player3296,1351,1371,win,French Defense,37,resign
1766867820,bullet,white,player2472,1222,1182,win,Scotch Game,44,resign
1766868240,rapid,white,player2856,1426,1313,loss,King's Gambit,62,outoftime
1766944980,blitz,black,player2046,1287,1373,draw,Scandinavian Defense,38,draw
1766945880,rapid,white,player6360,1379,1308,loss,Vienna Game,54,outoftime
1766946360,rapid,black,player8451,1203,1313,win,French Defense,40,resign
1767202860,rapid,black,player423,1207,1323,win,Scandinavian Defense,56,outoftime
1767203460,rapid,black,player2022,1418,1318,loss,Sicilian Defense,45,mate
1767203820,blitz,black,player9315,1279,1383,win,Dutch Defense,55,mate
1767204300,bullet,white,player101,1179,1192,win,Queen's Gambit,38,outoftime
1767357060,rapid,black,player701,1330,1323,win,Scandinavian Defense,42,mate
1767357480,blitz,white,player7014,1408,1391,win,Ruy Lopez,47,resign
1767358080,rapid,white,player3438,1223,1315,loss,Vienna Game,42,mate
1767358380,rapid,black,player8479,1367,1322,win,Pirc Defense,26,resign
1767461880,blitz,black,player6044,1301,1384,loss,Sicilian Defense,29,resign
1767462960,blitz,black,player3740,1480,1390,win,Caro-Kann Defense,33,outoftime
1767464040,blitz,black,player4720,1487,1381,loss,Scandinavian Defense,42,resign
1767464760,blitz,white,player8811,1332,1374,loss,Italian Game,10,outoftime
1767465360,blitz,white,player9398,1414,1368,loss,Scotch Game,28,mate
1767554580,rapid,white,player4619,1326,1329,win,Vienna Game,54,resign
1767555480,bullet,white,player1576,1296,1199,win,Scotch Game,33,resign
1767556320,blitz,white,player275,1385,1375,win,Queen's Gambit,52,resign
1767557040,bullet,white,player3215,1210,1190,loss,English Opening,34,resign
1767558120,rapid,white,player8752,1352,1323,loss,Vienna Game,36,resign
1767558780,bullet,white,player8218,1150,1181,loss,Ruy Lopez,34,mate
1767631380,blitz,white,player6549,1372,1382,win,Scotch Game,40,resign
1767632460,bullet,white,player5482,1232,1176,loss,English Opening,49,resign
1767632940,blitz,white,player3336,1459,1390,win,King's Gambit,52,resign
1767633300,blitz,black,player6071,1455,1384,loss,Sicilian Defense,46,resign
1767633900,bullet,black,player195,1223,1171,loss,Sicilian Defense,20,resign
1767634320,blitz,black,player3360,1354,1391,win,Sicilian Defense,59,mate
1767634980,bullet,black,player6651,1174,1165,loss,Sicilian Defense,8,resign
1767636000,rapid,white,player3974,1245,1318,loss,Queen's Gambit,37,resign
1767817620,blitz,black,player8476,1452,1394,draw,King's Indian Defense,42,draw
1767817920,bullet,white,player3068,1157,1160,loss,Vienna Game,48,resign
1767818340,bullet,white,player7084,1061,1167,win,London System,47,outoftime
1767819360,blitz,black,player1105,1447,1389,loss,Scandinavian Defense,39,resign
1767820080,blitz,white,player879,1325,1396,win,Scotch Game,38,mate
1767820920,rapid,white,player8149,1269,1313,loss,Scotch Game,38,resign
1767821460,blitz,white,player6020,1285,1395,draw,Queen's Gambit,37,draw
1767822240,blitz,black,player2071,1376,1401,win,Caro-Kann Defense,19,resign
1768169040,bullet,black,player2194,1176,1161,loss,French Defense,44,mate
1768169520,bullet,black,player8355,1201,1154,loss,French Defense,54,resign
1768170480,blitz,black,player3216,1329,1411,win,Pirc Defense,37,outoftime
1768171320,blitz,white,player4548,1482,1402,loss,Ruy Lopez,23,resign
1768171740,blitz,white,player8702,1463,1411,win,London System,36,resign
1768399320,rapid,black,player2003,1409,1307,loss,Caro-Kann Defense,65,mate
1768770960,rapid,black,player4682,1264,1302,loss,Scandinavian Defense,54,mate
1768771680,rapid,white,player3714,1364,1311,win,Vienna Game,71,outoftime
1768772220,blitz,black,player1635,1349,1403,loss,Caro-Kann Defense,22,outoftime
1768773240,bullet,white,player3011,1235,1162,win,English Opening,38,mate
1768774260,blitz,white,player1742,1290,1411,win,Queen's Gambit,36,outoftime
1768775220,rapid,white,player816,1193,1316,win,Vienna Game,30,resign
1768775580,blitz,white,player1842,1520,1406,loss,Scotch Game,13,mate
1768776600,rapid,white,player7946,1390,1308,loss,Ruy Lopez,31,resign
1768836840,blitz,white,player493,1363,1415,win,Queen's Gambit,40,outoftime
1768837380,rapid,white,player3778,1420,1303,loss,Vienna Game,51,outoftime
1768837680,bullet,black,player810,1186,1169,win,French Defense,31,outoftime
1768838400,blitz,white,player1802,1512,1408,loss,Vienna Game,32,resign
1769378940,rapid,white,player7103,1271,1311,win,King's Gambit,48,mate
1769458920,blitz,black,player4128,1400,1402,loss,King's Indian Defense,35,outoftime
1769459520,blitz,black,player7011,1410,1396,loss,Scandinavian Defense,14,resign
1769727660,blitz,black,player2383,1318,1403,win,Caro-Kann Defense,33,outoftime
1770130020,blitz,white,player1836,1297,1404,draw,Vienna Game,35,draw
1770131040,rapid,white,player6923,1273,1318,win,Italian Game,33,resign
1770417000,blitz,black,player626,1459,1398,loss,King's Indian Defense,31,mate
1770417360,blitz,black,player3824,1517,1391,loss,Pirc Defense,32,resign
1770417960,bullet,black,player1017,1146,1163,loss,Sicilian Defense,39,resign
1770418860,bullet,white,player6186,1123,1155,loss,English Opening,46,mate
1770459780,rapid,black,player5164,1262,1324,win,Sicilian Defense,41,resign
1770460860,blitz,black,player5156,1418,1400,win,Sicilian Defense,46,resign
1770916080,rapid,white,player488,1431,1319,loss,King's Gambit,26,resign
1770916860,bullet,white,player3894,1063,1150,loss,Scotch Game,30,mate
1770917940,blitz,white,player5693,1423,1402,draw,Ruy Lopez,30,draw
1771009020,rapid,black,player1695,1346,1313,loss,Caro-Kann Defense,40,outoftime
1771009980,blitz,black,player2880,1498,1397,loss,Scandinavian Defense,45,resign
1771010460,rapid,black,player4294,1225,1306,loss,Sicilian Defense,34,resign
1771011420,bullet,white,player2213,1157,1157,win,Queen's Gambit,22,outoftime
1771012200,bullet,black,player799,1148,1157,draw,Sicilian Defense,44,draw
1771012980,bullet,white,player2692,1254,1151,loss,London System,13,resign
1771064940,blitz,black,player5485,1310,1389,loss,Sicilian Defense,26,mate
1771065240,blitz,black,player7799,1465,1382,loss,Caro-Kann Defense,43,resign
1771066020,blitz,black,player3596,1482,1383,draw,Sicilian Defense,45,draw
1771187220,blitz,white,player6976,1269,1389,win,Queen's Gambit,17,resign
1771280820,blitz,black,player2732,1349,1381,loss,Caro-Kann Defense,34,resign
1771357920,blitz,white,player5285,1439,1375,loss,Queen's Gambit,67,outoftime
1771359000,blitz,black,player7481,1437,1377,draw,Sicilian Defense,40,draw
1771360020,bullet,black,player2821,1058,1157,win,Pirc Defense,30,resign
1771360440,bullet,white,player8277,1141,1164,win,King's Gambit,32,outoftime
1771361280,bullet,black,player1957,1130,1156,loss,King's Indian Defense,51,resign
1771361820,blitz,white,player1725,1326,1369,loss,Vienna Game,31,resign
1771529160,blitz,white,player7548,1398,1362,loss,English Opening,31,mate
1771530180,blitz,white,player6584,1460,1354,loss,King's Gambit,35,resign
1771530420,bullet,white,player6894,1254,1149,loss,Scotch Game,37,resign
1771531500,blitz,white,player5590,1425,1363,win,Italian Game,36,resign
1771767660,blitz,white,player2695,1472,1357,loss,Vienna Game,32,resign
1771768620,blitz,white,player5382,1443,1350,loss,Vienna Game,40,mate
1771769040,blitz,white,player1390,1375,1345,loss,Vienna Game,35,resign
1771769940,blitz,black,player3275,1429,1351,win,Pirc Defense,36,mate
1771770660,rapid,black,player9592,1347,1311,win,Dutch Defense,42,resign
1771771740,rapid,white,player3507,1252,1307,loss,Ruy Lopez,32,outoftime
1771772340,blitz,white,player5237,1342,1347,loss,Vienna Game,27,resign
1771772700,blitz,white,player5781,1378,1343,loss,Ruy Lopez,26,resign
1772032020,blitz,white,player3654,1355,1337,loss,Italian Game,45,mate
1772032320,rapid,white,player4922,1303,1312,win,Scotch Game,39,resign
1772032980,rapid,black,player4705,1295,1306,loss,King's Indian Defense,44,resign
1772033940,rapid,black,player9870,1248,1298,loss,Caro-Kann Defense,36,resign
1772105040,blitz,black,player8478,1391,1330,loss,French Defense,37,mate
1772105820,rapid,black,player4119,1192,1305,win,King's Indian Defense,52,mate
1772106120,blitz,black,player5488,1398,1335,win,French Defense,42,mate
1772391960,rapid,white,player913,1384,1306,draw,Vienna Game,55,draw
1772392920,blitz,white,player3973,1243,1341,win,Scotch Game,27,resign
1772393760,rapid,white,player8742,1213,1299,loss,English Opening,32,resign
1772394000,blitz,white,player5765,1245,1333,loss,Queen's Gambit,23,resign
1772580660,rapid,white,player1822,1352,1306,win,King's Gambit,48,mate
1772581200,bullet,black,player180,1041,1156,win,Caro-Kann Defense,63,resign
1772581680,bullet,white,player6318,1099,1163,win,Queen's Gambit,26,resign
1772887020,bullet,black,player8129,1213,1173,win,Pirc Defense,50,resign
1772887920,blitz,white,player3473,1297,1326,loss,Scotch Game,36,outoftime
1772888820,blitz,black,player3178,1200,1327,draw,Sicilian Defense,25,draw
1773318720,blitz,white,player6656,1314,1335,win,London System,38,resign
1773319140,blitz,black,player1855,1299,1326,loss,Caro-Kann Defense,37,mate
1773320220,blitz,black,player1477,1375,1320,loss,Sicilian Defense,27,outoftime
1773426720,blitz,black,player4916,1221,1328,win,French Defense,41,resign
1773427200,blitz,black,player970,1233,1322,loss,Scandinavian Defense,46,mate
1773479160,blitz,black,player3435,1224,1329,win,King's Indian Defense,31,mate
1773479940,blitz,white,player4009,1327,1320,loss,Queen's Gambit,47,resign
1773583020,blitz,white,player259,1283,1327,win,English Opening,8,mate
1773684120,rapid,black,player1738,1312,1305,draw,Dutch Defense,17,draw
1773684600,rapid,black,player6068,1373,1315,win,King's Indian Defense,12,resign
1773685080,rapid,black,player3708,1363,1311,loss,Sicilian Defense,44,resign
1773685920,bullet,black,player1562,1100,1174,draw,King's Indian Defense,50,draw
1773686760,blitz,black,player2966,1352,1319,loss,Pirc Defense,70,outoftime
1773687240,bullet,black,player8620,1201,1181,win,French Defense,30,mate
1773791400,blitz,white,player4847,1436,1311,loss,Italian Game,12,resign
1773792180,rapid,white,player4736,1264,1319,win,Scotch Game,41,mate
1773792840,blitz,black,player8324,1410,1319,win,French Defense,31,outoftime
1774292280,blitz,white,player1707,1437,1320,draw,Italian Game,62,draw
1774293060,blitz,black,player2323,1295,1314,loss,Pirc Defense,18,mate
1774293660,rapid,black,player6259,1262,1320,draw,French Defense,43,draw
1774293960,blitz,black,player6989,1317,1307,loss,Pirc Defense,12,resign
1774294560,blitz,white,player6213,1367,1314,win,Vienna Game,50,resign
1774438920,blitz,black,player4860,1201,1319,win,Dutch Defense,50,mate
1774439700,blitz,black,player3459,1216,1310,loss,Dutch Defense,20,mate
1774440360,blitz,white,player3388,1274,1305,loss,Scotch Game,36,resign
1774440660,blitz,white,player7371,1210,1310,win,Queen's Gambit,13,outoftime
1774441140,blitz,white,player2118,1418,1301,loss,London System,58,outoftime
1774441740,blitz,white,player9056,1379,1296,loss,Ruy Lopez,42,resign
1774869960,rapid,white,player7382,1311,1329,win,Italian Game,53,resign
1774870200,bullet,black,player8302,1285,1175,loss,Caro-Kann Defense,48,mate
1774870740,bullet,black,player7628,1086,1168,loss,Scandinavian Defense,24,resign
1774871640,bullet,white,player8025,1253,1161,loss,Scotch Game,26,outoftime
1774982520,blitz,white,player583,1327,1305,win,King's Gambit,49,mate
1774983540,rapid,white,player3976,1242,1337,win,Queen's Gambit,60,mate
1774984440,bullet,black,player6232,1183,1166,win,Sicilian Defense,55,mate
1774985220,rapid,white,player9217,1239,1330,loss,Ruy Lopez,41,resign
1774985880,rapid,white,player9637,1259,1339,win,London System,48,mate
1775254980,rapid,white,player9444,1383,1330,loss,King's Gambit,45,outoftime
1775255520,rapid,white,player8574,1318,1325,loss,Queen's Gambit,23,mate
1775256000,blitz,black,player4218,1324,1301,loss,Caro-Kann Defense,27,outoftime
1775257020,bullet,black,player6640,1195,1175,win,Sicilian Defense,46,resign
1775257800,blitz,white,player3385,1429,1297,loss,English Opening,25,resign
1775321280,rapid,white,player679,1223,1316,loss,London System,58,resign
1775321820,bullet,black,player783,1219,1166,loss,Scandinavian Defense,51,mate
1775322240,rapid,black,player3314,1390,1311,loss,King's Indian Defense,47,mate
1775322960,rapid,black,player2151,1385,1320,win,Pirc Defense,24,resign
1775323320,blitz,white,player264,1222,1303,win,King's Gambit,44,mate
1775424840,rapid,white,player5246,1225,1326,win,London System,26,resign
1775425260,bullet,white,player3472,1214,1172,win,Vienna Game,54,outoftime
1775425920,rapid,black,player4101,1311,1319,loss,Dutch Defense,27,resign
1775426820,blitz,white,player1385,1409,1305,draw,Italian Game,36,draw
1775427240,bullet,white,player687,1201,1179,win,Scotch Game,59,resign
1775662620,blitz,white,player7374,1396,1298,loss,Italian Game,35,resign
1775662860,blitz,black,player5798,1294,1299,draw,Caro-Kann Defense,66,draw
1775663820,bullet,black,player7211,1219,1184,win,Dutch Defense,26,outoftime
1775664840,blitz,white,player7694,1280,1292,loss,Queen's Gambit,18,outoftime
1775665800,blitz,white,player4595,1361,1287,loss,Vienna Game,48,mate
1775891820,blitz,black,player5359,1379,1283,loss,Dutch Defense,51,resign
1775892480,blitz,black,player6794,1171,1275,loss,Sicilian Defense,14,resign
1775892720,rapid,white,player4624,1368,1314,loss,Scotch Game,37,resign
1775893140,rapid,white,player7314,1215,1313,draw,Italian Game,54,draw
1776005100,bullet,black,player3945,1286,1177,loss,Sicilian Defense,34,mate
1776005760,blitz,white,player7087,1229,1277,draw,London System,42,draw
1776006840,blitz,white,player4917,1362,1285,win,King's Gambit,32,resign
1776007080,blitz,white,player8426,1308,1292,win,Italian Game,32,resign
1776200520,rapid,white,player9363,1368,1318,win,Vienna Game,19,outoftime
1776201240,rapid,white,player9524,1322,1309,loss,Italian Game,37,resign
1776381240,blitz,white,player8384,1358,1284,loss,London System,49,resign
1776381900,rapid,black,player4113,1245,1308,draw,Dutch Defense,44,draw
1776382860,bullet,white,player2531,1140,1183,win,Scotch Game,20,resign
1776383820,blitz,white,player7798,1191,1291,win,English Opening,28,resign
1776384720,blitz,white,player6458,1332,1297,win,Vienna Game,48,outoftime
1776617520,bullet,white,player7238,1239,1175,loss,Italian Game,30,resign
1776618000,rapid,white,player9824,1392,1300,loss,Ruy Lopez,20,outoftime
1776618660,blitz,black,player891,1362,1293,loss,Caro-Kann Defense,26,resign
1777061340,blitz,white,player5790,1245,1295,draw,Vienna Game,36,draw
1777061820,blitz,white,player4665,1409,1286,loss,Ruy Lopez,44,outoftime
1777062180,blitz,white,player8101,1401,1295,win,Italian Game,39,mate
1777141680,blitz,black,player4409,1217,1290,loss,French Defense,35,resign
1777141980,bullet,black,player1318,1090,1170,loss,Pirc Defense,30,mate
1777142460,blitz,white,player5302,1419,1295,win,King's Gambit,52,resign
1777142880,rapid,white,player2581,1207,1306,win,Italian Game,29,resign
1777143540,blitz,white,player9237,1322,1290,loss,Queen's Gambit,38,mate
1777144320,blitz,white,player5813,1344,1298,win,Italian Game,17,mate
1777144680,bullet,white,player4940,1180,1178,win,Scotch Game,40,resign
1777144980,blitz,black,player5324,1260,1307,win,King's Indian Defense,31,resign
1777649520,blitz,black,player7066,1386,1314,win,Sicilian Defense,27,outoftime
1777650120,blitz,white,player9479,1380,1319,win,Scotch Game,50,resign
1777949160,blitz,black,player906,1388,1326,win,Sicilian Defense,25,resign
1777949880,blitz,white,player6225,1354,1333,win,Ruy Lopez,33,mate
1777950780,blitz,white,player8044,1230,1325,loss,Italian Game,46,resign
1777951020,blitz,black,player6290,1358,1320,loss,Sicilian Defense,33,resign
1778273160,blitz,white,player5214,1376,1313,loss,Ruy Lopez,31,resign
1778274120,blitz,white,player6269,1303,1320,win,Scotch Game,36,resign
1778274720,rapid,black,player6549,1379,1300,loss,French Defense,43,outoftime
1778275260,rapid,white,player7911,1319,1292,loss,English Opening,19,resign
1778319300,blitz,black,player9383,1213,1329,win,Scandinavian Defense,30,resign
1778320260,blitz,black,player9909,1286,1324,loss,French Defense,36,resign
1778321160,blitz,black,player8528,1284,1318,loss,Scandinavian Defense,38,resign
1778321880,bullet,white,player2090,1235,1184,win,Queen's Gambit,45,mate
1778417460,blitz,white,player4541,1197,1326,win,Vienna Game,50,resign
1778418180,blitz,black,player6182,1253,1335,win,Scandinavian Defense,27,outoftime
1778418840,blitz,black,player260,1441,1329,loss,Pirc Defense,36,outoftime
1778490000,blitz,white,player9839,1240,1337,win,London System,45,resign
1778490720,bullet,black,player9675,1286,1191,win,Pirc Defense,48,outoftime
1778606160,rapid,white,player1776,1214,1299,win,Queen's Gambit,49,resign
1778607000,rapid,black,player7856,1406,1292,loss,Scandinavian Defense,50,resign
1778607420,blitz,white,player104,1441,1332,loss,London System,24,resign
1778607660,blitz,black,player6542,1338,1341,win,King's Indian Defense,64,mate
1778861100,bullet,white,player8129,1248,1185,loss,Ruy Lopez,34,resign
1778861400,rapid,black,player5768,1213,1299,win,Pirc Defense,27,resign
1778862300,blitz,white,player3293,1262,1337,loss,Vienna Game,50,resign
1778862600,bullet,black,player6625,1082,1190,win,Scandinavian Defense,38,resign
1778862840,bullet,black,player7546,1089,1185,loss,French Defense,22,outoftime
1779133500,blitz,white,player1121,1311,1333,loss,Ruy Lopez,38,resign
1779134040,blitz,black,player5285,1371,1328,loss,Dutch Defense,44,resign
1779134820,rapid,black,player1164,1404,1291,loss,Scandinavian Defense,32,resign
1779462720,rapid,black,player2028,1367,1286,loss,Caro-Kann Defense,28,resign
1779463620,blitz,black,player429,1431,1334,win,Sicilian Defense,53,resign
1779464580,blitz,white,player3230,1314,1340,win,London System,37,resign
1779538080,rapid,black,player7302,1225,1293,win,Caro-Kann Defense,15,resign
1779538560,blitz,black,player2893,1305,1331,loss,Scandinavian Defense,63,resign
1779539160,blitz,white,player8353,1372,1325,loss,Vienna Game,44,resign
1779539880,rapid,black,player1989,1371,1299,win,Sicilian Defense,18,mate
1779540540,blitz,black,player5979,1304,1320,loss,French Defense,35,mate
1779728220,blitz,black,player9825,1309,1315,loss,French Defense,24,resign
1779728820,blitz,white,player3938,1298,1307,loss,Scotch Game,31,resign
1779729780,bullet,white,player8491,1261,1194,win,Vienna Game,43,mate
1779998880,rapid,white,player113,1375,1292,loss,Queen's Gambit,48,mate
1779999720,blitz,white,player2625,1201,1313,win,Scotch Game,27,resign
1780000260,blitz,white,player7838,1301,1314,draw,King's Gambit,13,draw
1780001100,blitz,black,player2287,1381,1307,loss,Pirc Defense,27,resign
1780001580,rapid,black,player540,1305,1300,win,Scandinavian Defense,45,outoftime
1780002000,bullet,white,player1365,1162,1199,win,London System,33,resign
1780002420,blitz,black,player6437,1260,1313,win,King's Indian Defense,31,resign
1780003260,rapid,white,player7717,1302,1308,win,Scotch Game,42,outoftime
1780088400,blitz,white,player7062,1315,1321,win,Vienna Game,25,mate
1780088880,rapid,white,player1929,1284,1301,loss,English Opening,46,outoftime
1780089600,rapid,white,player7554,1252,1293,loss,Ruy Lopez,8,resign
1780090200,blitz,black,player6150,1411,1315,loss,Sicilian Defense,37,resign
1780090680,rapid,white,player683,1238,1298,win,Scotch Game,50,resign
1780091460,blitz,white,player8184,1231,1321,win,Vienna Game,27,mate
